{
  "entry":{
    "description":"-2, -11"
  },
  "lastVisit":{
    "Vakaria":1506052068,
    "bob":1506049302,
    "Konoroth":1506052150,
    "Bob":1506052145
  },
  "objectData":{
    "463168-0":{
      "inventory":[{
          "refId":"ingred_pearl_01",
          "count":1,
          "charge":-1
        }],
      "refId":"kollop_02_pearl"
    },
    "463164-0":{
      "inventory":[{
          "refId":"ingred_pearl_01",
          "count":1,
          "charge":-1
        }],
      "refId":"kollop_03_pearl"
    },
    "463158-0":{
      "inventory":[],
      "refId":"kollop_03_pearl"
    },
    "0-60":{
      "location":{
        "rotX":0,
        "posY":-85754.3828125,
        "posX":-13134.1328125,
        "posZ":-777.54919433594,
        "rotZ":-1.4594881534576,
        "rotY":0
      },
      "refId":"slaughterfish",
      "stats":{
        "fatigueCurrent":399.97341918945,
        "healthBase":23,
        "fatigueBase":400,
        "healthModified":23,
        "fatigueModified":400,
        "magickaModified":10,
        "magickaBase":10,
        "healthCurrent":23,
        "magickaCurrent":10
      }
    },
    "463133-0":{
      "inventory":[],
      "refId":"kollop_03_pearl"
    },
    "0-62":{
      "location":{
        "rotX":2.1550804376602e-005,
        "posY":-87116.8984375,
        "posX":-11094.75390625,
        "posZ":-1142.009765625,
        "rotZ":1.2887761592865,
        "rotY":0
      },
      "refId":"slaughterfish_small",
      "stats":{
        "fatigueCurrent":299.97341918945,
        "healthBase":15,
        "fatigueBase":300,
        "healthModified":15,
        "fatigueModified":300,
        "magickaModified":10,
        "magickaBase":10,
        "healthCurrent":15,
        "magickaCurrent":10
      }
    },
    "0-64":{
      "location":{
        "rotX":0,
        "posY":-89919.546875,
        "posX":-9065.580078125,
        "posZ":-559.54272460938,
        "rotZ":0.70796275138855,
        "rotY":0
      },
      "refId":"slaughterfish",
      "stats":{
        "fatigueCurrent":399.97341918945,
        "healthBase":23,
        "fatigueBase":400,
        "healthModified":23,
        "fatigueModified":400,
        "magickaModified":10,
        "magickaBase":10,
        "healthCurrent":23,
        "magickaCurrent":10
      }
    },
    "0-59":{
      "location":{
        "rotX":0.017035832628608,
        "posY":-86798.3984375,
        "posX":-8990.6796875,
        "posZ":-146.98965454102,
        "rotZ":0.77335047721863,
        "rotY":0
      },
      "refId":"slaughterfish",
      "stats":{
        "fatigueCurrent":399.97341918945,
        "healthBase":23,
        "fatigueBase":400,
        "healthModified":23,
        "fatigueModified":400,
        "magickaModified":10,
        "magickaBase":10,
        "healthCurrent":23,
        "magickaCurrent":10
      }
    },
    "463127-0":{
      "inventory":[],
      "refId":"kollop_03_pearl"
    },
    "463112-0":{
      "inventory":[{
          "refId":"ingred_pearl_01",
          "count":1,
          "charge":-1
        }],
      "refId":"kollop_02_pearl"
    },
    "0-61":{
      "location":{
        "rotX":0,
        "posY":-89913.59375,
        "posX":-14687.171875,
        "posZ":-938.11462402344,
        "rotZ":-2.4284517765045,
        "rotY":0
      },
      "refId":"slaughterfish",
      "stats":{
        "fatigueCurrent":399.97341918945,
        "healthBase":23,
        "fatigueBase":400,
        "healthModified":23,
        "fatigueModified":400,
        "magickaModified":10,
        "magickaBase":10,
        "healthCurrent":23,
        "magickaCurrent":10
      }
    },
    "0-63":{
      "location":{
        "rotX":-0.065166443586349,
        "posY":-82917.6875,
        "posX":-13581.990234375,
        "posZ":-1115.7008056641,
        "rotZ":2.6487562656403,
        "rotY":0
      },
      "refId":"slaughterfish_small",
      "stats":{
        "fatigueCurrent":299.97341918945,
        "healthBase":15,
        "fatigueBase":300,
        "healthModified":15,
        "fatigueModified":300,
        "magickaModified":10,
        "magickaBase":10,
        "healthCurrent":15,
        "magickaCurrent":10
      }
    }
  },
  "packets":{
    "delete":[],
    "container":["463112-0","463127-0","463133-0","463158-0","463164-0","463168-0"],
    "equipment":[],
    "place":[],
    "cellChangeTo":[],
    "statsDynamic":["0-60","0-61","0-62","0-63","0-64","0-59"],
    "cellChangeFrom":[],
    "trap":[],
    "lock":[],
    "actorList":["0-60","0-61","0-62","0-63","0-64","0-59"],
    "position":["0-63","0-61","0-62","0-64","0-60","0-59"],
    "doorState":[],
    "state":[],
    "scale":[],
    "spawn":["0-60","0-61","0-62","0-63","0-64","0-59"]
  }
}