{
  "entry":{
    "description":"5, -14"
  },
  "lastVisit":{
    "bob":1506050772
  },
  "objectData":{
    "0-115":{
      "location":{
        "rotX":0.24977672100067,
        "posY":-108126.25,
        "posX":47577.140625,
        "posZ":-253.79287719727,
        "rotZ":-0.68328332901001,
        "rotY":0
      },
      "refId":"slaughterfish_small"
    },
    "0-116":{
      "location":{
        "rotX":0.047757633030415,
        "posY":-111204.109375,
        "posX":43997.03125,
        "posZ":-144.88134765625,
        "rotZ":-1.9631364345551,
        "rotY":0
      },
      "refId":"slaughterfish"
    },
    "459080-0":{
      "inventory":[{
          "refId":"ingred_pearl_01",
          "count":1,
          "charge":-1
        }],
      "refId":"kollop_03_pearl"
    },
    "0-117":{
      "location":{
        "rotX":0,
        "posY":-114492.34375,
        "posX":41631.8125,
        "posZ":-856.70959472656,
        "rotZ":3.1313617229462,
        "rotY":0
      },
      "refId":"slaughterfish"
    },
    "459071-0":{
      "inventory":[{
          "refId":"ingred_pearl_01",
          "count":1,
          "charge":-1
        }],
      "refId":"kollop_03_pearl"
    }
  },
  "packets":{
    "delete":[],
    "actorList":["0-115","0-116","0-117"],
    "position":["0-116","0-115","0-117"],
    "place":[],
    "cellChangeTo":[],
    "statsDynamic":[],
    "cellChangeFrom":[],
    "trap":[],
    "equipment":[],
    "container":["459071-0","459080-0"],
    "lock":[],
    "doorState":[],
    "state":[],
    "scale":[],
    "spawn":["0-115","0-116","0-117"]
  }
}