{
  "entry":{
    "description":"Balmora, Caius Cosades' House"
  },
  "lastVisit":{
    "Bob":1506199006,
    "Konoroth":1506201134,
    "Vakaria":1506201138
  },
  "objectData":{
    "0-156":{
      "location":{
        "rotX":0,
        "posY":-215.33181762695,
        "posX":-175.66828918457,
        "posZ":107.50806427002,
        "rotZ":-1.0800607204437,
        "rotY":0
      },
      "refId":"key_addamasartusslaves_01",
      "goldValue":0
    },
    "57341-0":{
      "inventory":[{
          "refId":"ingred_moon_sugar_01",
          "count":5,
          "charge":-1
        }],
      "refId":"com_sack_01_moon sugar5"
    },
    "459570-0":{
      "inventory":[{
          "refId":"gold_001",
          "count":29,
          "charge":-1
        }],
      "refId":"chest_small_02_rndgold"
    },
    "0-174":{
      "location":{
        "rotX":0,
        "posY":-0.98223352432251,
        "posX":121.09362792969,
        "posZ":144.53315734863,
        "rotZ":0.27734351158142,
        "rotY":0
      },
      "refId":"ingred_moon_sugar_01",
      "count":4
    },
    "67647-0":{
      "equipment":{
        "15":{
          "refId":"common_belt_01",
          "count":1,
          "charge":-1
        },
        "9":{
          "refId":"common_pants_02",
          "count":1,
          "charge":-1
        },
        "7":{
          "refId":"common_shoes_04",
          "count":1,
          "charge":-1
        }
      },
      "refId":"caius cosades",
      "location":{
        "rotX":0.15424770116806,
        "posY":-164.93237304688,
        "posX":-188.68441772461,
        "posZ":84.145126342773,
        "rotZ":1.9557936191559,
        "rotY":0
      },
      "stats":{
        "fatigueCurrent":308.94604492188,
        "healthBase":201,
        "fatigueBase":310,
        "healthModified":201,
        "fatigueModified":310,
        "magickaModified":118,
        "magickaBase":118,
        "healthCurrent":201,
        "magickaCurrent":86
      }
    },
    "0-173":{
      "equipment":[],
      "stats":{
        "fatigueCurrent":146.90063476562,
        "healthBase":40,
        "fatigueBase":150,
        "healthModified":40,
        "fatigueModified":150,
        "magickaModified":100,
        "magickaBase":100,
        "healthCurrent":0,
        "magickaCurrent":100
      },
      "location":{
        "rotX":0.49603191018105,
        "posY":-192.71212768555,
        "posX":44.692092895508,
        "posZ":70.005874633789,
        "rotZ":-0.40714406967163,
        "rotY":0
      },
      "refId":"db_assassin1b",
      "inventory":[]
    },
    "0-154":{
      "location":{
        "rotX":0,
        "posY":-237.13688659668,
        "posX":-188.18063354492,
        "posZ":107.5269241333,
        "rotZ":-1.6425607204437,
        "rotY":0
      },
      "refId":"ingred_moon_sugar_01",
      "count":7
    },
    "0-155":{
      "location":{
        "rotX":0,
        "posY":-246.23861694336,
        "posX":-205.37898254395,
        "posZ":117.46398925781,
        "rotZ":-1.6425607204437,
        "rotY":0
      },
      "refId":"potion_skooma_01",
      "count":2
    },
    "57340-0":{
      "inventory":[{
          "refId":"ingred_saltrice_01",
          "count":5,
          "charge":-1
        }],
      "refId":"com_sack_01_saltrice_5"
    },
    "0-158":{
      "location":{
        "rotX":0,
        "posY":-341.58056640625,
        "posX":-213.68054199219,
        "posZ":132.99990844727,
        "rotZ":-1.5058419704437,
        "rotY":0
      },
      "refId":"misc_de_fishing_pole",
      "goldValue":0
    },
    "480676-0":{
      "inventory":[{
          "refId":"p_levitation_s",
          "count":1,
          "charge":-1
        },{
          "refId":"p_restore_health_s",
          "count":1,
          "charge":-1
        },{
          "refId":"apparatus_a_mortar_01",
          "count":1,
          "charge":-1
        },{
          "refId":"ingred_moon_sugar_01",
          "count":2,
          "charge":-1
        },{
          "refId":"gold_001",
          "count":100,
          "charge":-1
        },{
          "refId":"misc_soulgem_greater",
          "count":1,
          "charge":-1
        },{
          "refId":"imperial shortsword",
          "count":1,
          "charge":-1
        }],
      "refId":"de_p_chest_02_caius"
    }
  },
  "packets":{
    "delete":[],
    "spawn":["0-173"],
    "scale":[],
    "place":["0-154","0-155","0-156","0-158","0-174"],
    "cellChangeTo":[],
    "statsDynamic":["67647-0","0-173"],
    "cellChangeFrom":[],
    "trap":[],
    "state":[],
    "doorState":[],
    "actorList":["67647-0","0-173"],
    "lock":[],
    "position":["67647-0","0-173"],
    "equipment":["67647-0","0-173"],
    "container":["57340-0","57341-0","459570-0","480676-0","0-173"]
  }
}